amount,time,compairs,swaps
1000,9.328000,886679,377652
2000,22.512000,3142370,1129831
3000,34.393000,6172654,1650253
4000,90.490000,14402646,5876313
5000,122.578000,20140181,7611694
6000,160.056000,27191563,9160457
7000,229.043000,38731263,14186391
8000,356.189000,56924934,23871265
9000,436.182000,67650528,27101546
10000,486.594000,80228162,30176501
