amount,time,compairs,swaps
1000,59.081000,752499,250000
2000,214.408000,3254997,1249000
3000,474.167000,7510499,3000000
4000,859.420000,13514247,5499000
5000,1317.204000,21269247,8749000
6000,1893.759000,30772499,12750000
7000,2561.716000,42029499,17500000
8000,3401.061000,55035747,22999000
9000,4294.592000,69790499,29250000
10000,5340.270000,86295249,36250000
